Branch,Customers,AverageLeadProbability
0,63,0.6227601549428572
1,57,0.39846503
2,67,0.46925905758656716
3,71,0.3627036402802817
4,66,0.6250021162954545
5,56,0.5353864752410714
6,54,0.5467502314981482
7,66,0.5238942102696971
