Region,CustomerID,Probability
0,61,0.5926255757114754
1,55,0.4759500898909091
2,71,0.5466723490788733
3,57,0.48812553633333333
4,59,0.5712924857966102
5,64,0.561978553453125
6,63,0.40449609357142857
7,70,0.43359398659000004
